type,pcno0
CAS,20.2250518695
CRD,19.9934736881
CRE,19.7632336814
CSH,20.0999493411
DIS,19.8000773124
NA ,19.9929097266
NO ,20.137029447
NOC,17.7141127852