pass,pctip
0,1.629350763407
1,18.868002804571
2,18.9164764506
3,19.129914523271
4,18.960302536514
5,19.692479737329
6,19.7113910941
7,3.913894324857
9,9.410643556986